threshold,cv,seed,readout_pos,prec_zone_width,time,num_threads
0.01,0.01,0,2.27576,1.24924,1602.83,120
0.01,0.01,1,2.35758,1.62302,1204.29,120
0.01,0.01,2,2.40303,1.44427,943.099,120
0.01,0.01,3,2.53636,1.46232,1186.88,120
0.01,0.01,4,2.32424,1.59662,926.985,120
0.01,0.01,5,2.52424,1.47813,1046.86,120
0.01,0.01,6,2.48788,1.5389,899.899,120
0.01,0.01,7,2.47879,1.65579,924.061,120
0.01,0.01,8,2.39394,24.7904,1161.29,120
0.01,0.01,9,2.41818,1.3355,1092.25,120
0.01,0.01,10,2.54848,1.21467,1562.69,120
0.01,0.01,11,2.36061,1.51667,1059.25,120
0.01,0.01,12,2.52121,1.36037,819.874,120
0.01,0.01,13,2.42121,1.40187,1031.48,120
0.01,0.01,14,2.45758,1.4678,1018.91,120
0.01,0.01,15,2.59091,1.27661,1017.55,120
0.01,0.01,16,2.5,1.29117,1005.79,120
0.01,0.01,17,2.66667,1.50653,1006.42,120
0.01,0.01,18,2.3,1.63532,828.813,120
0.01,0.01,19,2.63636,1.52931,1027.02,120
0.01,0.01,20,2.42424,1.43437,1950.06,120
0.01,0.01,21,2.40909,1.20905,1051.36,120
0.01,0.01,22,2.49697,1.33143,1005.25,120
0.01,0.01,23,2.38182,1.06606,1052.35,120
0.01,0.01,24,2.4697,1.4835,1005.21,120
0.01,0.01,25,2.35152,1.59865,1077.33,120
0.01,0.01,26,2.41818,1.36276,1009.44,120
0.01,0.01,27,2.35455,1.2652,958.932,120
0.01,0.01,28,2.52424,1.26306,802.977,120
0.01,0.01,29,2.43636,1.57035,993.357,120
0.01,0.01,30,2.6,1.34198,1527.65,120
0.01,0.01,31,2.53939,1.31676,873.635,120
0.01,0.01,32,2.61818,1.42642,896.969,120
0.01,0.01,33,2.48182,1.36854,1248.43,120
0.01,0.01,34,2.57879,1.47967,904.33,120
0.01,0.01,35,2.42121,1.36798,874.39,120
0.01,0.01,36,2.56364,1.28843,842.801,120
0.01,0.01,37,2.37879,1.35158,1111.04,120
0.01,0.01,38,2.46061,1.49037,981.595,120
0.01,0.01,39,2.27273,1.29037,980.103,120
0.01,0.01,40,2.53636,1.35942,1539.77,120
0.01,0.01,41,2.58485,1.30833,961.513,120
0.01,0.01,42,2.42121,1.29806,887.464,120
0.01,0.01,43,2.22727,1.2698,954.623,120
0.01,0.01,44,2.45455,1.37288,1000.2,120
0.01,0.01,45,2.57576,1.46713,1128.48,120
0.01,0.01,46,2.40606,1.49106,942.137,120
0.01,0.01,47,2.53939,1.33947,1110.73,120
0.01,0.01,48,2.29394,1.22228,863.269,120
0.01,0.01,49,2.41515,1.25337,911.463,120
0.01,0.01,50,2.35758,31.0706,1597.99,120
0.01,0.01,51,2.72121,1.31035,1043.59,120
0.01,0.01,52,2.46061,1.35378,783.987,120
0.01,0.01,53,2.39697,1.15799,1128.25,120
0.01,0.01,54,2.58788,1.57844,1080.55,120
0.01,0.01,55,2.47273,1.52301,1278.57,120
0.01,0.01,56,2.40303,1.37375,1046.39,120
0.01,0.01,57,2.42121,1.54717,941.384,120
0.01,0.01,58,2.54545,1.46925,821.048,120
0.01,0.01,59,2.4697,1.41035,812.354,120
0.01,0.01,60,2.5303,1.32318,2089.58,120
0.01,0.01,61,2.52727,1.42859,1446.08,120
0.01,0.01,62,2.30606,1.45093,1428.4,120
0.01,0.01,63,2.41515,1.27111,1526.55,120
0.01,0.01,64,2.41818,1.30437,1005.23,120
0.01,0.01,65,2.52121,1.45958,1019.42,120
0.01,0.01,66,2.53939,1.35268,1145.74,120
0.01,0.01,67,2.44848,1.22484,1067.06,120
0.01,0.01,68,2.49091,1.36527,966.235,120
0.01,0.01,69,2.45455,1.585,1096.16,120
0.01,0.01,70,2.48182,1.71484,1718.94,120
0.01,0.01,71,2.54242,1.49023,950.483,120
0.01,0.01,72,2.59394,1.50871,915.743,120
0.01,0.01,73,2.26061,1.35696,1060.53,120
0.01,0.01,74,2.4303,1.46899,988.786,120
0.01,0.01,75,2.40303,1.39361,974.467,120
0.01,0.01,76,2.5,2.30658,987.492,120
0.01,0.01,77,2.55152,1.5286,933.708,120
0.01,0.01,78,2.59697,1.58293,1188.78,120
0.01,0.01,79,2.60606,1.3744,1201.25,120
0.01,0.01,80,2.39697,1.39953,1636.38,120
0.01,0.01,81,2.33939,1.34125,1041.85,120
0.01,0.01,82,2.31212,1.25147,934.185,120
0.01,0.01,83,2.48788,1.45708,1105.34,120
0.01,0.01,84,2.49394,1.28339,998.643,120
0.01,0.01,85,2.44545,1.47293,1060.76,120
0.01,0.01,86,2.48485,1.44687,1113.43,120
0.01,0.01,87,2.50606,1.39663,1009.17,120
0.01,0.01,88,2.36667,1.36053,1147.39,120
0.01,0.01,89,2.59697,1.53173,908.076,120
0.01,0.01,90,2.46667,1.53458,1751.1,120
0.01,0.01,91,2.48182,1.33925,878.547,120
0.01,0.01,92,2.55758,1.57119,957.036,120
0.01,0.01,93,2.43333,1.47901,1124.78,120
0.01,0.01,94,2.49394,1.41584,1134.35,120
0.01,0.01,95,2.40606,1.67113,944.214,120
0.01,0.01,96,2.48788,31.2028,865.49,120
0.01,0.01,97,2.53939,1.14717,1124.58,120
0.01,0.01,98,2.44545,1.25533,939.524,120
0.01,0.01,99,2.30606,1.44225,880.275,120
0.01,0.03,0,2.27576,1.24924,968.513,120
0.01,0.03,1,2.35758,1.62302,1158.94,120
0.01,0.03,2,2.40303,1.44427,873.458,120
0.01,0.03,3,2.53636,1.46232,918.534,120
0.01,0.03,4,2.28485,1.41728,1079.56,120
0.01,0.03,5,2.52424,1.47813,1049.65,120
0.01,0.03,6,2.45152,1.48218,946.427,120
0.01,0.03,7,2.47879,1.65579,894.793,120
0.01,0.03,8,2.39394,24.7904,938.404,120
0.01,0.03,9,2.41818,1.3355,879.253,120
0.01,0.03,10,2.54848,1.21467,945.64,120
0.01,0.03,11,2.32727,1.51667,924.444,120
0.01,0.03,12,2.52121,1.36037,976.16,120
0.01,0.03,13,2.46061,1.40874,925.876,120
0.01,0.03,14,2.55152,1.67251,997.537,120
0.01,0.03,15,2.59091,1.27661,1071.29,120
0.01,0.03,16,2.5,1.29117,1151.04,120
0.01,0.03,17,2.66667,1.50653,1073.44,120
0.01,0.03,18,2.24848,1.63532,874.261,120
0.01,0.03,19,2.63636,1.52931,1011.81,120
0.01,0.03,20,2.33333,1.21251,1216.05,120
0.01,0.03,21,2.40909,1.20905,1084.98,120
0.01,0.03,22,2.49697,1.33143,1080.63,120
0.01,0.03,23,2.38182,1.06606,1153.16,120
0.01,0.03,24,2.4697,1.4835,963.722,120
0.01,0.03,25,2.31515,1.46163,1130.48,120
0.01,0.03,26,2.41818,1.36276,1519.28,120
0.01,0.03,27,2.35455,1.2652,1026.92,120
0.01,0.03,28,2.52424,1.26306,1081.54,120
0.01,0.03,29,2.43636,1.57035,1162.27,120
0.01,0.03,30,2.6,1.34198,1204.08,120
0.01,0.03,31,2.53939,1.31676,947.635,120
0.01,0.03,32,2.51212,1.6333,950.8,120
0.01,0.03,33,2.48182,1.36854,887.792,120
0.01,0.03,34,2.53636,1.50777,981.747,120
0.01,0.03,35,2.42121,1.36798,924.471,120
0.01,0.03,36,2.56364,1.28843,1066.58,120
0.01,0.03,37,2.37879,1.35158,1109.43,120
0.01,0.03,38,2.51515,1.49737,885.312,120
0.01,0.03,39,2.27273,1.29037,1198.63,120
0.01,0.03,40,2.53636,1.35942,997.943,120
0.01,0.03,41,2.55152,1.35735,929.577,120
0.01,0.03,42,2.37879,1.45171,852.551,120
0.01,0.03,43,2.22727,1.2698,846.802,120
0.01,0.03,44,2.45455,1.37288,992.462,120
0.01,0.03,45,2.57576,1.46713,888.928,120
0.01,0.03,46,2.40606,1.49106,960.571,120
0.01,0.03,47,2.50606,1.33947,1023.58,120
0.01,0.03,48,2.29394,1.22228,887.962,120
0.01,0.03,49,2.41515,1.25337,896.5,120
0.01,0.03,50,2.35758,31.0706,919.252,120
0.01,0.03,51,2.68182,1.19129,1007.85,120
0.01,0.03,52,2.35758,1.28835,960.13,120
0.01,0.03,53,2.39697,1.15799,1120.71,120
0.01,0.03,54,2.58788,1.57844,1032.41,120
0.01,0.03,55,2.47273,1.52301,842.773,120
0.01,0.03,56,2.40303,1.37375,1150.8,120
0.01,0.03,57,2.38182,1.54717,774.379,120
0.01,0.03,58,2.5,1.46925,767.389,120
0.01,0.03,59,2.4697,1.41035,809.528,120
0.01,0.03,60,2.44242,1.47218,1134.5,120
0.01,0.03,61,2.47576,1.50855,1226.79,120
0.01,0.03,62,2.30606,1.45093,1067.41,120
0.01,0.03,63,2.45455,1.1592,926.33,120
0.01,0.03,64,2.37576,1.35293,1356.54,120
0.01,0.03,65,2.55758,1.4091,937.157,120
0.01,0.03,66,2.53939,1.35268,1001.08,120
0.01,0.03,67,2.44848,1.22484,1123.98,120
0.01,0.03,68,2.44848,1.36527,1172.04,120
0.01,0.03,69,2.45455,1.585,1091.44,120
0.01,0.03,70,2.48182,1.71484,968.617,120
0.01,0.03,71,2.54242,1.49023,933.765,120
0.01,0.03,72,2.6303,1.52232,1058.7,120
0.01,0.03,73,2.26061,1.35696,1115.9,120
0.01,0.03,74,2.36364,1.67196,904.074,120
0.01,0.03,75,2.40303,1.39361,998.037,120
0.01,0.03,76,2.44848,2.23192,1149.89,120
0.01,0.03,77,2.55152,1.5286,984.768,120
0.01,0.03,78,2.54545,1.58293,964.735,120
0.01,0.03,79,2.45758,1.36941,1236.71,120
0.01,0.03,80,2.3697,1.39953,886.709,120
0.01,0.03,81,2.33939,1.34125,934.67,120
0.01,0.03,82,2.31212,1.25147,1036.72,120
0.01,0.03,83,2.54242,1.3299,1053.79,120
0.01,0.03,84,2.49394,1.28339,895.311,120
0.01,0.03,85,2.44545,1.47293,888.517,120
0.01,0.03,86,2.48485,1.44687,990.69,120
0.01,0.03,87,2.50606,1.39663,898.668,120
0.01,0.03,88,2.36667,1.36053,1164.43,120
0.01,0.03,89,2.59697,1.53173,928.792,120
0.01,0.03,90,2.46667,1.53458,1116.61,120
0.01,0.03,91,2.48182,1.33925,1055.74,120
0.01,0.03,92,2.55758,1.57119,1117.1,120
0.01,0.03,93,2.47576,1.5303,897.153,120
0.01,0.03,94,2.49394,1.41584,1131.91,120
0.01,0.03,95,2.44848,1.63127,958.033,120
0.01,0.03,96,2.48788,31.2028,950.98,120
0.01,0.03,97,2.53939,1.14717,776.04,120
0.01,0.03,98,2.44545,1.25533,1056.29,120
0.01,0.03,99,2.30606,1.44225,1043.17,120
0.01,0.07,0,2.27576,1.24924,893.854,120
0.01,0.07,1,2.27273,1.41259,947.167,120
0.01,0.07,2,2.34545,1.05145,1090.64,120
0.01,0.07,3,2.27273,1.47179,880.689,120
0.01,0.07,4,2.16061,1.45115,1291.76,120
0.01,0.07,5,2.52424,1.47813,871.586,120
0.01,0.07,6,2.45152,1.48218,1162.47,120
0.01,0.07,7,2.40909,1.75216,929.968,120
0.01,0.07,8,2.36667,24.7577,906.538,120
0.01,0.07,9,2.37273,1.38816,1156.75,120
0.01,0.07,10,2.39091,1.48435,1052.08,120
0.01,0.07,11,2.29394,1.51667,1068.31,120
0.01,0.07,12,2.47576,1.32326,1069.19,120
0.01,0.07,13,2.42121,1.40187,1002.69,120
0.01,0.07,14,2.55152,1.67251,1062.07,120
0.01,0.07,15,2.54545,1.20451,911.509,120
0.01,0.07,16,2.5,1.29117,1037.05,120
0.01,0.07,17,2.80909,1.48094,839.824,120
0.01,0.07,18,2.20606,1.30219,846.615,120
0.01,0.07,19,2.54242,1.63819,938.941,120
0.01,0.07,20,2.24545,1.23828,809.465,120
0.01,0.07,21,2.40909,1.20905,1076.38,120
0.01,0.07,22,2.49697,1.33143,1134.26,120
0.01,0.07,23,2.38182,1.06606,1210.08,120
0.01,0.07,24,2.37273,1.45052,1445.16,120
0.01,0.07,25,2.31515,1.46163,1012.25,120
0.01,0.07,26,2.37273,1.60021,956.528,120
0.01,0.07,27,2.30303,1.56991,1114.98,120
0.01,0.07,28,2.47576,1.28962,1170.01,120
0.01,0.07,29,2.35455,1.66937,957.965,120
0.01,0.07,30,2.45758,1.47884,842.164,120
0.01,0.07,31,2.49394,1.32263,982.105,120
0.01,0.07,32,2.4697,1.6333,978.598,120
0.01,0.07,33,2.39697,1.37549,910.295,120
0.01,0.07,34,2.48182,1.33375,1065.86,120
0.01,0.07,35,2.42121,1.36798,1093.88,120
0.01,0.07,36,2.43333,1.7344,1061.5,120
0.01,0.07,37,2.33333,1.35158,1141.72,120
0.01,0.07,38,2.55455,1.35466,1233.46,120
0.01,0.07,39,2.23636,1.27717,907.399,120
0.01,0.07,40,2.49091,1.32787,909.718,120
0.01,0.07,41,2.55152,1.35735,933.533,120
0.01,0.07,42,2.26061,1.32772,1154.13,120
0.01,0.07,43,2.20303,1.28094,1094.6,120
0.01,0.07,44,2.40909,1.50855,1117.31,120
0.01,0.07,45,2.46667,1.47861,1168.1,120
0.01,0.07,46,2.40606,1.49106,823.261,120
0.01,0.07,47,2.41515,1.53635,1016.74,120
0.01,0.07,48,2.22424,1.36834,886.729,120
0.01,0.07,49,2.34242,1.2695,924.39,120
0.01,0.07,50,2.2,30.9336,794.824,120
0.01,0.07,51,2.6,1.2687,806.405,120
0.01,0.07,52,2.2,1.66689,1054.95,120
0.01,0.07,53,2.39697,1.15799,824.622,120
0.01,0.07,54,2.3,1.39172,1141.67,120
0.01,0.07,55,2.43636,1.52301,813.912,120
0.01,0.07,56,2.40303,1.37375,1060.93,120
0.01,0.07,57,2.28485,1.55126,1097.21,120
0.01,0.07,58,2.47576,1.46925,814.156,120
0.01,0.07,59,2.4697,1.41035,981.797,120
0.01,0.07,60,2.30303,1.50775,1079.3,120
0.01,0.07,61,2.4303,1.50855,1054.45,120
0.01,0.07,62,2.30606,1.45093,1058.35,120
0.01,0.07,63,2.45455,1.1592,1430.6,120
0.01,0.07,64,2.33939,1.30084,1096.62,120
0.01,0.07,65,2.51818,1.44534,921.201,120
0.01,0.07,66,2.53939,1.35268,974.534,120
0.01,0.07,67,2.29697,1.40697,1239.96,120
0.01,0.07,68,2.39697,1.52289,1128.82,120
0.01,0.07,69,2.37576,1.46041,1335.42,120
0.01,0.07,70,2.40606,1.63673,1142.71,120
0.01,0.07,71,2.50303,1.50184,1183.6,120
0.01,0.07,72,2.59394,1.50871,1008.0,120
0.01,0.07,73,2.26061,1.35696,1002.7,120
0.01,0.07,74,2.31818,1.66081,961.216,120
0.01,0.07,75,2.40303,1.39361,943.583,120
0.01,0.07,76,2.44848,2.23192,1093.82,120
0.01,0.07,77,2.59697,1.58448,1003.0,120
0.01,0.07,78,2.35455,1.54127,1043.97,120
0.01,0.07,79,2.45758,1.36941,1159.84,120
0.01,0.07,80,2.27576,1.58708,957.58,120
0.01,0.07,81,2.33939,1.34125,912.595,120
0.01,0.07,82,2.31212,1.25147,1191.28,120
0.01,0.07,83,2.58182,1.45353,1033.54,120
0.01,0.07,84,2.44242,1.34302,886.779,120
0.01,0.07,85,2.40606,1.47293,905.464,120
0.01,0.07,86,2.48485,1.44687,1150.06,120
0.01,0.07,87,2.50606,1.39663,1023.28,120
0.01,0.07,88,2.36667,1.36053,1090.89,120
0.01,0.07,89,2.51212,1.41111,876.095,120
0.01,0.07,90,2.36667,1.77571,870.158,120
0.01,0.07,91,2.48182,1.33925,1093.04,120
0.01,0.07,92,2.50303,1.40867,1093.18,120
0.01,0.07,93,2.47576,1.5303,895.707,120
0.01,0.07,94,2.34848,1.47946,1023.59,120
0.01,0.07,95,2.36667,1.67113,1093.78,120
0.01,0.07,96,2.48788,31.2028,1097.42,120
0.01,0.07,97,2.53939,1.14717,1044.59,120
0.01,0.07,98,2.44545,1.25533,1022.6,120
0.01,0.07,99,2.30606,1.44225,1023.02,120
0.01,0.1,0,2.27576,1.24924,1188.83,120
0.01,0.1,1,2.27273,1.41259,941.025,120
0.01,0.1,2,2.31515,1.04393,903.269,120
0.01,0.1,3,2.2303,1.47179,898.766,120
0.01,0.1,4,2.12424,1.30139,836.817,120
0.01,0.1,5,2.52424,1.47813,870.77,120
0.01,0.1,6,2.30909,1.69765,1188.49,120
0.01,0.1,7,2.40909,1.75216,972.667,120
0.01,0.1,8,2.2303,24.5524,1066.32,120
0.01,0.1,9,2.33333,1.41197,877.394,120
0.01,0.1,10,2.34242,1.46058,968.957,120
0.01,0.1,11,2.19697,1.67992,993.188,120
0.01,0.1,12,2.43636,1.36027,840.145,120
0.01,0.1,13,2.37273,1.6142,1050.57,120
0.01,0.1,14,2.55152,1.67251,1099.25,120
0.01,0.1,15,2.51212,1.1605,903.994,120
0.01,0.1,16,2.54545,1.58592,1062.45,120
0.01,0.1,17,2.84848,1.40151,1029.74,120
0.01,0.1,18,2.16667,1.30219,1246.88,120
0.01,0.1,19,2.41212,1.70408,977.973,120
0.01,0.1,20,2.20909,1.38464,920.133,120
0.01,0.1,21,2.40909,1.20905,917.591,120
0.01,0.1,22,2.37576,1.30352,1022.9,120
0.01,0.1,23,2.38182,1.06606,1011.14,120
0.01,0.1,24,2.37273,1.45052,1111.31,120
0.01,0.1,25,2.2697,1.46163,893.326,120
0.01,0.1,26,2.28182,1.64014,1076.37,120
0.01,0.1,27,2.1303,1.39527,1075.76,120
0.01,0.1,28,2.47576,1.28962,929.199,120
0.01,0.1,29,2.30606,1.22208,1100.14,120
0.01,0.1,30,2.41515,1.47884,1019.5,120
0.01,0.1,31,2.49394,1.32263,1081.47,120
0.01,0.1,32,2.30303,1.47692,880.957,120
0.01,0.1,33,2.39697,1.37549,924.005,120
0.01,0.1,34,2.48182,1.33375,1075.3,120
0.01,0.1,35,2.30303,1.29085,874.279,120
0.01,0.1,36,2.3,1.55065,946.566,120
0.01,0.1,37,2.28788,1.12235,1140.7,120
0.01,0.1,38,2.51212,1.35466,955.4,120
0.01,0.1,39,2.2,1.27251,1099.06,120
0.01,0.1,40,2.36667,1.60973,1015.75,120
0.01,0.1,41,2.55152,1.35735,1049.28,120
0.01,0.1,42,2.26061,1.32772,1003.04,120
0.01,0.1,43,2.20303,1.28094,845.752,120
0.01,0.1,44,2.33333,1.53491,836.625,120
0.01,0.1,45,2.33636,1.35116,858.479,120
0.01,0.1,46,2.36061,1.56145,864.223,120
0.01,0.1,47,2.24848,1.48323,1144.95,120
0.01,0.1,48,2.22424,1.36834,849.215,120
0.01,0.1,49,2.30909,1.26661,1147.88,120
0.01,0.1,50,2.10909,30.6395,911.1,120
0.01,0.1,51,2.50303,1.32182,850.07,120
0.01,0.1,52,2.10606,1.66689,928.726,120
0.01,0.1,53,2.32424,1.47649,825.433,120
0.01,0.1,54,2.25758,1.49299,780.899,120
0.01,0.1,55,2.29091,1.38358,1079.72,120
0.01,0.1,56,2.35758,1.59264,927.446,120
0.01,0.1,57,2.20606,1.24694,1108.85,120
0.01,0.1,58,2.43939,1.49668,904.124,120
0.01,0.1,59,2.3697,1.48262,1114.16,120
0.01,0.1,60,2.26364,1.50775,1011.85,120
0.01,0.1,61,2.2697,1.36151,1038.3,120
0.01,0.1,62,2.30606,1.45093,1296.17,120
0.01,0.1,63,2.45455,1.1592,1162.69,120
0.01,0.1,64,2.29697,1.33179,1174.28,120
0.01,0.1,65,2.48182,1.45958,1224.21,120
0.01,0.1,66,2.49697,1.58756,1096.44,120
0.01,0.1,67,2.1303,1.33798,1243.83,120
0.01,0.1,68,2.33333,1.62309,1096.25,120
0.01,0.1,69,2.37576,1.46041,1260.53,120
0.01,0.1,70,2.34242,1.28665,1091.25,120
0.01,0.1,71,2.37576,1.47228,980.651,120
0.01,0.1,72,2.55455,1.50871,932.536,120
0.01,0.1,73,2.26061,1.35696,910.042,120
0.01,0.1,74,2.27576,1.66081,907.745,120
0.01,0.1,75,2.40303,1.39361,1055.06,120
0.01,0.1,76,2.44848,2.23192,993.372,120
0.01,0.1,77,2.59697,1.58448,1071.15,120
0.01,0.1,78,2.26364,1.54127,1175.2,120
0.01,0.1,79,2.28485,1.36514,934.393,120
0.01,0.1,80,2.23333,1.58708,1065.79,120
0.01,0.1,81,2.33939,1.34125,989.514,120
0.01,0.1,82,2.31212,1.25147,1135.6,120
0.01,0.1,83,2.52727,1.58071,844.832,120
0.01,0.1,84,2.44242,1.34302,970.492,120
0.01,0.1,85,2.35758,1.75138,1051.85,120
0.01,0.1,86,2.44242,1.44687,1155.91,120
0.01,0.1,87,2.46061,1.52339,923.359,120
0.01,0.1,88,2.32424,1.40322,1214.8,120
0.01,0.1,89,2.51212,1.41111,898.004,120
0.01,0.1,90,2.32727,1.77571,835.419,120
0.01,0.1,91,2.43636,1.33925,950.347,120
0.01,0.1,92,2.50303,1.40867,906.341,120
0.01,0.1,93,2.51212,1.48361,1136.32,120
0.01,0.1,94,2.34848,1.47946,1115.11,120
0.01,0.1,95,2.26667,1.42875,1063.16,120
0.01,0.1,96,2.48788,31.2028,940.437,120
0.01,0.1,97,2.53939,1.14717,874.155,120
0.01,0.1,98,2.44545,1.25533,1043.69,120
0.01,0.1,99,2.22121,1.37075,1109.66,120
0.01,0.3,0,1.89394,1.64725,1041.25,120
0.01,0.3,1,1.40909,1.30279,1019.81,120
0.01,0.3,2,1.08182,1.27638,1090.88,120
0.01,0.3,3,2.03636,1.49607,894.562,120
0.01,0.3,4,1.22424,1.75668,1169.95,120
0.01,0.3,5,2.23939,1.5825,950.265,120
0.01,0.3,6,1.63939,1.49122,1115.59,120
0.01,0.3,7,1.30909,1.61246,1193.54,120
0.01,0.3,8,1.5697,23.875,898.434,120
0.01,0.3,9,1.62424,1.39836,870.054,120
0.01,0.3,10,1.45152,1.983,1296.8,120
0.01,0.3,11,1.5,1.29582,868.728,120
0.01,0.3,12,1.53939,1.62096,1089.26,120
0.01,0.3,13,1.23636,1.62767,1029.76,120
0.01,0.3,14,2.0,1.45102,1017.14,120
0.01,0.3,15,1.87273,1.59388,1004.47,120
0.01,0.3,16,1.61515,1.68346,1030.76,120
0.01,0.3,17,1.72727,1.66301,1047.95,120
0.01,0.3,18,1.65758,1.69504,1006.38,120
0.01,0.3,19,1.9303,1.81742,1096.54,120
0.01,0.3,20,1.46364,1.4931,1104.38,120
0.01,0.3,21,1.77879,2.21519,1109.28,120
0.01,0.3,22,2.00606,1.85999,1017.72,120
0.01,0.3,23,1.8697,1.67155,1105.94,120
0.01,0.3,24,1.49394,1.57258,1113.57,120
0.01,0.3,25,1.50606,1.53788,1013.88,120
0.01,0.3,26,1.85455,1.6725,1041.22,120
0.01,0.3,27,1.69091,1.48782,804.015,120
0.01,0.3,28,1.65455,1.27001,1166.04,120
0.01,0.3,29,1.49091,1.85869,1049.61,120
0.01,0.3,30,1.84848,1.4785,946.348,120
0.01,0.3,31,1.69394,1.49107,903.815,120
0.01,0.3,32,1.72727,1.23156,991.554,120
0.01,0.3,33,1.45455,1.74849,815.282,120
0.01,0.3,34,1.95455,1.46407,1067.19,120
0.01,0.3,35,1.50606,1.62001,870.234,120
0.01,0.3,36,1.51515,1.25496,1001.45,120
0.01,0.3,37,1.49091,1.30735,1100.1,120
0.01,0.3,38,1.60909,1.52544,991.476,120
0.01,0.3,39,1.27273,1.27483,990.988,120
0.01,0.3,40,2.02424,1.54082,960.96,120
0.01,0.3,41,1.54848,1.29702,866.482,120
0.01,0.3,42,1.58485,1.70006,1263.12,120
0.01,0.3,43,1.20606,1.89766,874.177,120
0.01,0.3,44,1.44242,1.44842,997.157,120
0.01,0.3,45,2.04545,1.6792,920.486,120
0.01,0.3,46,1.21212,1.61648,934.979,120
0.01,0.3,47,1.89091,1.43193,1263.25,120
0.01,0.3,48,1.52424,1.44014,1033.16,120
0.01,0.3,49,1.67273,1.19979,896.591,120
0.01,0.3,50,1.68788,30.6178,801.225,120
0.01,0.3,51,1.63636,1.38828,1107.84,120
0.01,0.3,52,1.62727,1.82276,877.978,120
0.01,0.3,53,1.49697,1.91904,831.764,120
0.01,0.3,54,1.49697,1.47859,1130.44,120
0.01,0.3,55,1.54242,1.89835,808.047,120
0.01,0.3,56,1.87273,1.41738,816.078,120
0.01,0.3,57,1.33333,1.63981,797.806,120
0.01,0.3,58,1.69091,1.74665,1169.74,120
0.01,0.3,59,1.30909,1.30082,815.37,120
0.01,0.3,60,1.74545,1.45316,1177.45,120
0.01,0.3,61,1.26667,1.41853,1213.89,120
0.01,0.3,62,1.18485,1.45038,1209.38,120
0.01,0.3,63,2.08485,1.59273,1120.67,120
0.01,0.3,64,1.62424,1.51818,1110.3,120
0.01,0.3,65,1.6303,1.5821,966.69,120
0.01,0.3,66,1.75152,1.62654,1385.26,120
0.01,0.3,67,1.62121,1.39771,1069.69,120
0.01,0.3,68,1.91212,1.39789,1281.6,120
0.01,0.3,69,1.33333,1.29086,1319.05,120
0.01,0.3,70,1.63636,1.59377,948.259,120
0.01,0.3,71,1.78182,1.66705,1099.74,120
0.01,0.3,72,1.89394,1.90574,890.614,120
0.01,0.3,73,1.59697,1.52019,975.67,120
0.01,0.3,74,1.71212,1.29099,1068.91,120
0.01,0.3,75,2.36364,1.36028,969.9,120
0.01,0.3,76,1.97576,2.03955,1048.88,120
0.01,0.3,77,2.04545,1.26231,940.076,120
0.01,0.3,78,1.79697,1.43534,942.668,120
0.01,0.3,79,1.62727,1.50886,927.217,120
0.01,0.3,80,0.872727,1.4593,1169.89,120
0.01,0.3,81,1.26667,2.19268,1037.32,120
0.01,0.3,82,1.45455,1.22636,1316.65,120
0.01,0.3,83,1.64848,1.25545,1151.28,120
0.01,0.3,84,1.67273,1.65485,853.951,120
0.01,0.3,85,1.3303,1.68437,1042.55,120
0.01,0.3,86,1.37273,1.54871,867.169,120
0.01,0.3,87,1.66364,1.57165,1061.89,120
0.01,0.3,88,1.91212,1.26235,985.099,120
0.01,0.3,89,1.72424,1.46424,885.195,120
0.01,0.3,90,1.68182,1.45067,1040.75,120
0.01,0.3,91,1.59091,1.75923,876.759,120
0.01,0.3,92,1.97576,2.10173,1022.26,120
0.01,0.3,93,1.32424,1.74788,1051.38,120
0.01,0.3,94,1.71515,1.35072,831.193,120
0.01,0.3,95,0.948485,1.54875,872.917,120
0.01,0.3,96,1.46364,30.2466,1105.16,120
0.01,0.3,97,1.36061,1.46278,927.04,120
0.01,0.3,98,2.09697,1.70682,1144.15,120
0.01,0.3,99,1.57576,1.58619,818.915,120
0.01,0.5,0,0.621212,1.70599,1074.52,120
0.01,0.5,1,0.381818,2.03232,1032.48,120
0.01,0.5,2,0.372727,1.37635,967.212,120
0.01,0.5,3,0.869697,2.35829,875.877,120
0.01,0.5,4,-0.306061,1.98707,1107.18,120
0.01,0.5,5,1.16667,2.04155,922.725,120
0.01,0.5,6,0.860606,1.89786,1089.74,120
0.01,0.5,7,-0.0212121,1.80867,1080.96,120
0.01,0.5,8,0.287879,22.9973,943.768,120
0.01,0.5,9,0.706061,1.85832,896.19,120
0.01,0.5,10,1.47879,2.27826,1016.48,120
0.01,0.5,11,0.948485,2.29322,1001.81,120
0.01,0.5,12,0.624242,1.74011,1094.36,120
0.01,0.5,13,1.08788,2.0814,1046.17,120
0.01,0.5,14,1.4303,2.47424,974.818,120
0.01,0.5,15,0.70303,1.73042,1037.1,120
0.01,0.5,16,1.10909,1.31023,1049.8,120
0.01,0.5,17,0.745455,1.85248,872.712,120
0.01,0.5,18,-0.0545455,1.63185,1052.69,120
0.01,0.5,19,0.636364,1.35,1003.56,120
0.01,0.5,20,0.809091,1.91023,988.558,120
0.01,0.5,21,0.681818,1.44205,960.21,120
0.01,0.5,22,0.569697,2.31524,1073.44,120
0.01,0.5,23,0.0363636,1.69916,826.259,120
0.01,0.5,24,0.369697,1.57758,1067.44,120
0.01,0.5,25,0.19697,1.72826,914.009,120
0.01,0.5,26,0.709091,3.01075,987.375,120
0.01,0.5,27,1.07879,1.58583,1057.49,120
0.01,0.5,28,0.384848,1.89346,866.189,120
0.01,0.5,29,0.321212,1.3449,1101.41,120
0.01,0.5,30,0.560606,1.96211,845.348,120
0.01,0.5,31,0.993939,1.72838,1176.62,120
0.01,0.5,32,0.806061,1.82135,903.411,120
0.01,0.5,33,-0.112121,1.36314,1009.7,120
0.01,0.5,34,0.815152,2.29651,837.416,120
0.01,0.5,35,0.757576,1.71801,1043.21,120
0.01,0.5,36,0.378788,1.49161,1248.59,120
0.01,0.5,37,1.25758,1.82949,1147.92,120
0.01,0.5,38,0.484848,2.38064,881.953,120
0.01,0.5,39,1.40303,1.55932,861.97,120
0.01,0.5,40,0.587879,2.17876,842.826,120
0.01,0.5,41,1.1697,1.63622,1106.06,120
0.01,0.5,42,1.09394,1.5778,1107.87,120
0.01,0.5,43,1.1303,2.53322,866.531,120
0.01,0.5,44,-0.0757576,1.79023,938.609,120
0.01,0.5,45,1.17879,1.49089,907.615,120
0.01,0.5,46,0.60303,1.97572,856.251,120
0.01,0.5,47,0.587879,2.09044,909.47,120
0.01,0.5,48,0.969697,1.74995,1010.54,120
0.01,0.5,49,0.481818,1.50924,1105.12,120
0.01,0.5,50,1.25758,30.146,1100.98,120
0.01,0.5,51,0.654545,1.43694,860.486,120
0.01,0.5,52,0.0121212,1.88559,958.291,120
0.01,0.5,53,0.487879,1.90224,1024.78,120
0.01,0.5,54,0.354545,1.44254,895.703,120
0.01,0.5,55,0.848485,1.78877,1018.47,120
0.01,0.5,56,1.14545,1.83186,1142.7,120
0.01,0.5,57,0.809091,2.10354,807.834,120
0.01,0.5,58,1.32727,1.73164,829.454,120
0.01,0.5,59,0.6,1.38166,999.554,120
0.01,0.5,60,1.12424,1.96906,1239.83,120
0.01,0.5,61,0.89697,1.80992,1316.76,120
0.01,0.5,62,0.130303,2.0732,1111.95,120
0.01,0.5,63,0.475758,1.56282,1465.67,120
0.01,0.5,64,0.581818,2.00221,1077.03,120
0.01,0.5,65,0.254545,1.53578,877.181,120
0.01,0.5,66,0.466667,1.86539,1022.27,120
0.01,0.5,67,1.12727,1.57223,1093.15,120
0.01,0.5,68,0.812121,1.44513,1063.41,120
0.01,0.5,69,0.648485,1.71746,1311.76,120
0.01,0.5,70,0.978788,1.28867,971.035,120
0.01,0.5,71,1.13333,2.03447,1165.84,120
0.01,0.5,72,1.26061,3.21415,914.745,120
0.01,0.5,73,0.248485,2.23166,1082.96,120
0.01,0.5,74,0.209091,1.94991,902.846,120
0.01,0.5,75,0.712121,1.70541,1095.81,120
0.01,0.5,76,1.43939,1.65392,983.632,120
0.01,0.5,77,1.25455,2.20301,1178.04,120
0.01,0.5,78,0.966667,2.01423,960.45,120
0.01,0.5,79,0.990909,1.8859,948.736,120
0.01,0.5,80,0.745455,1.66757,1212.49,120
0.01,0.5,81,0.675758,2.30446,1177.87,120
0.01,0.5,82,-0.10303,1.81455,1083.99,120
0.01,0.5,83,0.881818,1.94159,974.047,120
0.01,0.5,84,0.715152,2.14105,967.371,120
0.01,0.5,85,0.893939,1.3094,887.661,120
0.01,0.5,86,0.527273,1.93388,1029.17,120
0.01,0.5,87,1.45152,1.36059,1086.13,120
0.01,0.5,88,0.936364,1.25891,1099.68,120
0.01,0.5,89,1.42121,1.63748,901.656,120
0.01,0.5,90,1.31818,1.29497,1119.64,120
0.01,0.5,91,-0.184848,2.35283,897.739,120
0.01,0.5,92,0.333333,1.91402,1038.26,120
0.01,0.5,93,0.445455,2.23797,1138.56,120
0.01,0.5,94,-1.18424e-15,2.38563,854.56,120
0.01,0.5,95,0.527273,1.67677,1064.14,120
0.01,0.5,96,1.12121,30.2886,875.886,120
0.01,0.5,97,0.393939,1.77399,1085.57,120
0.01,0.5,98,0.863636,1.86149,1051.25,120
0.01,0.5,99,0.575758,2.16129,936.518,120
0.01,0.7,0,-0.615152,2.31578,1006.75,120
0.01,0.7,1,-0.2,1.249,1028.74,120
0.01,0.7,2,-0.6,1.80665,878.647,120
0.01,0.7,3,-0.972727,2.31135,879.302,120
0.01,0.7,4,0.0757576,1.70135,1034.02,120
0.01,0.7,5,-0.472727,2.47003,866.234,120
0.01,0.7,6,0.00909091,2.29066,1197.23,120
0.01,0.7,7,-1.28485,1.50923,880.203,120
0.01,0.7,8,0.760606,24.2634,1196.65,120
0.01,0.7,9,-0.10303,2.02256,741.655,120
0.01,0.7,10,-0.457576,1.56083,1092.45,120
0.01,0.7,11,0.0878788,1.8087,1075.3,120
0.01,0.7,12,-0.451515,2.58367,982.713,120
0.01,0.7,13,-0.172727,1.84285,964.576,120
0.01,0.7,14,-0.348485,1.76687,1074.94,120
0.01,0.7,15,-0.069697,1.97679,826.737,120
0.01,0.7,16,-0.281818,1.60014,1075.16,120
0.01,0.7,17,0.187879,3.00271,1085.74,120
0.01,0.7,18,-0.230303,1.88231,1122.27,120
0.01,0.7,19,-0.457576,2.42454,1099.87,120
0.01,0.7,20,-0.0787879,1.90188,1005.57,120
0.01,0.7,21,-0.387879,2.09843,809.385,120
0.01,0.7,22,0.533333,1.60089,1044.61,120
0.01,0.7,23,-0.439394,2.16381,1092.54,120
0.01,0.7,24,0.227273,2.42669,1064.27,120
0.01,0.7,25,-1.11212,1.92807,918.747,120
0.01,0.7,26,-0.445455,1.46667,950.254,120
0.01,0.7,27,-0.206061,2.21587,990.414,120
0.01,0.7,28,-0.160606,1.97103,1165.37,120
0.01,0.7,29,0.218182,2.94709,1113.96,120
0.01,0.7,30,0.560606,1.50494,1260.6,120
0.01,0.7,31,-0.930303,2.85298,876.009,120
0.01,0.7,32,-0.451515,1.85186,970.655,120
0.01,0.7,33,-0.642424,2.25596,854.743,120
0.01,0.7,34,-1.64848,1.44006,854.895,120
0.01,0.7,35,-0.812121,2.70805,1038.97,120
0.01,0.7,36,-0.684848,1.74961,886.034,120
0.01,0.7,37,-1.41212,2.16959,858.351,120
0.01,0.7,38,-0.787879,1.85255,855.862,120
0.01,0.7,39,-1.17576,1.88071,876.965,120
0.01,0.7,40,-0.19697,2.09701,892.757,120
0.01,0.7,41,-0.812121,2.5092,975.124,120
0.01,0.7,42,0.569697,1.67914,861.774,120
0.01,0.7,43,-0.69697,1.86066,1062.28,120
0.01,0.7,44,0.115152,2.73675,1117.27,120
0.01,0.7,45,0.0151515,2.08897,1120.01,120
0.01,0.7,46,-0.1,2.42583,892.473,120
0.01,0.7,47,-0.951515,1.86104,837.299,120
0.01,0.7,48,-0.0969697,1.2819,890.702,120
0.01,0.7,49,0.115152,1.68539,899.475,120
0.01,0.7,50,-0.409091,28.5359,923.192,120
0.01,0.7,51,1.12424,2.45237,1015.72,120
0.01,0.7,52,-0.821212,1.58152,858.763,120
0.01,0.7,53,-0.315152,2.03311,916.351,120
0.01,0.7,54,-0.645455,3.57781,793.562,120
0.01,0.7,55,-0.730303,1.71802,891.753,120
0.01,0.7,56,-0.39697,1.70729,773.153,120
0.01,0.7,57,-0.660606,1.67321,779.287,120
0.01,0.7,58,1.10303,2.08035,769.191,120
0.01,0.7,59,-0.227273,1.80091,857.083,120
0.01,0.7,60,-0.554545,1.79227,1156.44,120
0.01,0.7,61,-0.0454545,1.67885,916.0,120
0.01,0.7,62,-1.14242,2.27895,1236.67,120
0.01,0.7,63,0.0484848,1.52996,1065.67,120
0.01,0.7,64,0.527273,2.04098,1206.59,120
0.01,0.7,65,0.0606061,2.02417,1189.68,120
0.01,0.7,66,-0.378788,2.29265,1134.37,120
0.01,0.7,67,-0.215152,2.36538,998.278,120
0.01,0.7,68,-0.960606,1.88726,1131.02,120
0.01,0.7,69,-0.730303,2.0618,1415.06,120
0.01,0.7,70,-0.112121,2.64713,1096.58,120
0.01,0.7,71,-0.242424,1.58683,1090.55,120
0.01,0.7,72,0.190909,2.10991,1074.92,120
0.01,0.7,73,0.381818,2.35843,1066.41,120
0.01,0.7,74,-0.309091,1.60742,970.136,120
0.01,0.7,75,0.284848,1.89916,1079.23,120
0.01,0.7,76,0.163636,1.77752,857.776,120
0.01,0.7,77,-0.187879,2.39086,914.414,120
0.01,0.7,78,-0.906061,1.35242,993.212,120
0.01,0.7,79,-0.757576,2.50086,1083.7,120
0.01,0.7,80,0.0575758,1.47019,894.953,120
0.01,0.7,81,-0.0272727,2.02865,981.345,120
0.01,0.7,82,-0.627273,2.07642,1302.21,120
0.01,0.7,83,-0.824242,1.73847,927.429,120
0.01,0.7,84,-0.39697,1.55502,1142.75,120
0.01,0.7,85,-0.221212,1.61021,1041.5,120
0.01,0.7,86,-1.18424e-15,3.44382,1041.51,120
0.01,0.7,87,-0.772727,2.31535,1087.13,120
0.01,0.7,88,-0.390909,2.48666,886.231,120
0.01,0.7,89,-0.606061,1.56394,1152.87,120
0.01,0.7,90,-1.36364,1.97971,1112.78,120
0.01,0.7,91,-0.445455,2.31631,930.997,120
0.01,0.7,92,-0.0848485,2.3164,1132.16,120
0.01,0.7,93,-0.827273,1.41993,1053.95,120
0.01,0.7,94,-0.672727,2.7141,1124.53,120
0.01,0.7,95,-0.99697,2.90575,1077.5,120
0.01,0.7,96,-0.651515,28.8582,860.251,120
0.01,0.7,97,-0.681818,1.83914,884.109,120
0.01,0.7,98,0.0121212,2.52843,1056.56,120
0.01,0.7,99,-0.609091,2.81103,857.996,120
0.01,1.0,0,-1.22121,2.06403,1195.03,120
0.01,1.0,1,-2.29091,2.72147,1222.59,120
0.01,1.0,2,-1.32424,1.84608,1025.1,120
0.01,1.0,3,-2.93333,3.15079,898.618,120
0.01,1.0,4,-2.08788,1.8318,1023.8,120
0.01,1.0,5,-2.4303,1.67104,776.842,120
0.01,1.0,6,-2.30909,1.76868,909.811,120
0.01,1.0,7,-3.47879,2.01842,928.123,120
0.01,1.0,8,-1.25455,21.1129,883.143,120
0.01,1.0,9,-2.90606,1.84054,961.531,120
0.01,1.0,10,-2.3,2.26721,983.175,120
0.01,1.0,11,-2.32424,1.80216,986.79,120
0.01,1.0,12,-1.44242,2.69268,1000.57,120
0.01,1.0,13,-1.2303,1.87524,1160.79,120
0.01,1.0,14,0.248485,1.74277,1034.77,120
0.01,1.0,15,-1.22727,1.69634,1007.4,120
0.01,1.0,16,-2.42121,2.66214,1054.51,120
0.01,1.0,17,-1.58485,1.64203,984.755,120
0.01,1.0,18,-2.38788,2.14866,948.286,120
0.01,1.0,19,-1.10303,3.74246,859.139,120
0.01,1.0,20,-2.51212,1.80384,1107.9,120
0.01,1.0,21,-2.60909,2.83606,993.244,120
0.01,1.0,22,-3.40606,2.29996,814.441,120
0.01,1.0,23,-3.31818,1.78972,1117.85,120
0.01,1.0,24,-1.61515,3.04564,1075.47,120
0.01,1.0,25,-2.47273,1.36257,1066.95,120
0.01,1.0,26,-2.18485,2.39574,1084.36,120
0.01,1.0,27,-2.33333,2.14116,1067.2,120
0.01,1.0,28,-1.41818,2.29398,1017.78,120
0.01,1.0,29,-1.95152,3.44873,1064.62,120
0.01,1.0,30,-1.26061,2.64132,885.618,120
0.01,1.0,31,-2.68485,2.47758,1207.46,120
0.01,1.0,32,-1.5,2.79899,1129.03,120
0.01,1.0,33,-1.02424,2.04981,1082.53,120
0.01,1.0,34,-2.9303,2.41006,976.491,120
0.01,1.0,35,-2.29091,1.83414,1044.9,120
0.01,1.0,36,-0.660606,1.86274,1021.68,120
0.01,1.0,37,-2.4303,3.29315,872.362,120
0.01,1.0,38,-2.91515,1.93047,986.309,120
0.01,1.0,39,-0.972727,2.09509,830.435,120
0.01,1.0,40,-2.39091,2.55665,1095.11,120
0.01,1.0,41,-1.44242,2.75997,933.833,120
0.01,1.0,42,-2.08788,1.59693,996.403,120
0.01,1.0,43,-2.17273,2.69185,1176.6,120
0.01,1.0,44,-1.36667,2.16757,826.435,120
0.01,1.0,45,-1.94242,2.57898,889.819,120
0.01,1.0,46,-1.85152,2.46803,1020.33,120
0.01,1.0,47,-1.96061,2.47849,944.37,120
0.01,1.0,48,-3.48485,2.56115,840.469,120
0.01,1.0,49,-2.43939,1.79694,1092.94,120
0.01,1.0,50,-1.83939,27.7488,777.259,120
0.01,1.0,51,-2.12121,2.4744,816.894,120
0.01,1.0,52,-3.18788,1.76035,1119.67,120
0.01,1.0,53,-2.00909,2.49948,851.914,120
0.01,1.0,54,-2.23333,2.64369,1091.45,120
0.01,1.0,55,-1.55455,2.5965,1032.13,120
0.01,1.0,56,-2.70303,2.99141,929.273,120
0.01,1.0,57,-1.88788,3.39258,818.725,120
0.01,1.0,58,-1.09394,1.99855,1069.98,120
0.01,1.0,59,-1.94848,2.56522,1158.66,120
0.01,1.0,60,-2.11212,2.17516,1040.45,120
0.01,1.0,61,-1.3,2.4424,1039.94,120
0.01,1.0,62,-2.45455,2.23462,998.21,120
0.01,1.0,63,-3.21818,3.01593,1039.56,120
0.01,1.0,64,-1.63636,2.18807,956.809,120
0.01,1.0,65,-1.75758,1.58469,1145.83,120
0.01,1.0,66,-2.2697,3.59408,1049.14,120
0.01,1.0,67,-1.5,2.30452,1300.02,120
0.01,1.0,68,-1.57576,2.92121,1127.03,120
0.01,1.0,69,-1.48788,2.08489,1273.69,120
0.01,1.0,70,-1.53939,1.78371,1166.11,120
0.01,1.0,71,-2.61515,2.79985,1092.3,120
0.01,1.0,72,-1.83939,3.81425,864.972,120
0.01,1.0,73,-2.24242,2.07101,1081.23,120
0.01,1.0,74,-1.95758,2.46172,942.008,120
0.01,1.0,75,-1.44242,1.92605,937.245,120
0.01,1.0,76,-1.90303,2.20719,1090.88,120
0.01,1.0,77,-1.99697,2.55982,957.519,120
0.01,1.0,78,-1.2303,1.77294,1179.76,120
0.01,1.0,79,-1.59394,3.12049,906.942,120
0.01,1.0,80,-1.26667,2.1159,929.578,120
0.01,1.0,81,-1.9303,2.80008,1004.85,120
0.01,1.0,82,-2.05152,2.49178,1042.32,120
0.01,1.0,83,-2.36364,2.48071,886.438,120
0.01,1.0,84,-1.51212,2.07788,1031.02,120
0.01,1.0,85,-1.90303,2.28036,1114.79,120
0.01,1.0,86,-2.64848,2.33672,766.237,120
0.01,1.0,87,-2.03636,1.9783,1050.61,120
0.01,1.0,88,-0.536364,1.57438,984.23,120
0.01,1.0,89,-2.46667,1.99902,1062.26,120
0.01,1.0,90,-2.3697,2.22681,1089.8,120
0.01,1.0,91,-1.26061,2.81657,823.657,120
0.01,1.0,92,-1.71818,2.7382,823.088,120
0.01,1.0,93,-2.51212,4.39267,1132.33,120
0.01,1.0,94,-2.21212,1.50431,1067.15,120
0.01,1.0,95,-1.60606,2.4574,883.761,120
0.01,1.0,96,-2.11212,27.1174,875.614,120
0.01,1.0,97,-2.09394,2.28334,1147.81,120
0.01,1.0,98,-2.24848,2.23722,1114.65,120
0.01,1.0,99,-2.83939,2.13129,739.793,120
0.01,3.0,0,-8.30909,4.86499,1196.42,120
0.01,3.0,1,-8.05455,2.67644,1267.97,120
0.01,3.0,2,-6.57576,6.21361,1088.22,120
0.01,3.0,3,-7.79697,4.37958,988.695,120
0.01,3.0,4,-9.05152,6.54515,1002.1,120
0.01,3.0,5,-5.99091,2.4032,1009.73,120
0.01,3.0,6,-6.48485,6.45067,1032.21,120
0.01,3.0,7,-8.77576,4.25576,1134.03,120
0.01,3.0,8,-7.48788,16.1513,1184.82,120
0.01,3.0,9,-7.89697,4.27609,1205.53,120
0.01,3.0,10,-9.34242,3.90621,993.483,120
0.01,3.0,11,-9.69091,5.23307,1007.11,120
0.01,3.0,12,-8.30303,4.31947,958.338,120
0.01,3.0,13,-6.32121,4.53577,1022.43,120
0.01,3.0,14,-4.67576,9.10124,1064.26,120
0.01,3.0,15,-8.24848,2.25104,1097.05,120
0.01,3.0,16,-8.31818,6.92059,978.707,120
0.01,3.0,17,-7.24545,6.13561,1047.7,120
0.01,3.0,18,-7.91212,2.31623,1024.55,120
0.01,3.0,19,-6.44545,5.25943,994.626,120
0.01,3.0,20,-8.80606,3.18362,1124.95,120
0.01,3.0,21,-7.94242,6.57091,1213.71,120
0.01,3.0,22,-8.39697,5.76289,996.119,120
0.01,3.0,23,-8.6,6.15277,1173.96,120
0.01,3.0,24,-7.81212,2.76203,1080.42,120
0.01,3.0,25,-8.39091,3.40604,1054.92,120
0.01,3.0,26,-6.9,1.35763,980.327,120
0.01,3.0,27,-7.97273,5.89912,956.784,120
0.01,3.0,28,-8.85152,5.32548,1100.66,120
0.01,3.0,29,-8.87879,4.86775,1107.57,120
0.01,3.0,30,-7.3,3.06807,941.378,120
0.01,3.0,31,-7.15758,4.85275,1265.32,120
0.01,3.0,32,-7.40909,4.52287,1198.18,120
0.01,3.0,33,-8.13939,6.5998,1095.21,120
0.01,3.0,34,-8.2,4.59808,906.645,120
0.01,3.0,35,-7.29394,7.0072,1041.57,120
0.01,3.0,36,-5.27273,2.85817,918.728,120
0.01,3.0,37,-8.07273,3.79072,983.883,120
0.01,3.0,38,-6.57576,3.82521,953.205,120
0.01,3.0,39,-7.98485,4.38514,948.278,120
0.01,3.0,40,-8.13939,3.03772,1004.44,120
0.01,3.0,41,-7.05758,1.69398,938.622,120
0.01,3.0,42,-5.91515,7.91357,1092.27,120
0.01,3.0,43,-7.52424,4.89903,848.381,120
0.01,3.0,44,-5.39394,5.14989,1080.23,120
0.01,3.0,45,-8.21818,6.70641,916.326,120
0.01,3.0,46,-8.62121,3.77256,836.306,120
0.01,3.0,47,-6.71818,3.88288,876.086,120
0.01,3.0,48,-7.27879,2.76274,921.27,120
0.01,3.0,49,-5.5697,5.20843,1153.75,120
0.01,3.0,50,-6.49394,23.1312,1141.87,120
0.01,3.0,51,-6.56061,6.45365,1139.35,120
0.01,3.0,52,-9.44848,4.54341,824.887,120
0.01,3.0,53,-5.77576,3.87882,1348.46,120
0.01,3.0,54,-6.5,6.52966,1109.58,120
0.01,3.0,55,-8.23333,2.22594,842.666,120
0.01,3.0,56,-6.40303,2.59066,1128.11,120
0.01,3.0,57,-8.76364,2.73279,829.879,120
0.01,3.0,58,-6.76364,4.5643,855.203,120
0.01,3.0,59,-7.03939,9.45317,758.052,120
0.01,3.0,60,-8.51515,4.61259,1267.83,120
0.01,3.0,61,-8.65152,3.05561,1463.83,120
0.01,3.0,62,-9.26364,1.85803,1076.42,120
0.01,3.0,63,-9.39091,2.05013,909.082,120
0.01,3.0,64,-7.67879,7.29713,884.409,120
0.01,3.0,65,-8.11515,2.84913,991.635,120
0.01,3.0,66,-7.63636,6.95712,1435.54,120
0.01,3.0,67,-7.23636,4.53576,939.538,120
0.01,3.0,68,-7.61818,3.68889,993.127,120
0.01,3.0,69,-7.81212,8.76978,1308.58,120
0.01,3.0,70,-7.7697,2.88572,1031.43,120
0.01,3.0,71,-9.12121,5.84314,982.25,120
0.01,3.0,72,-8.27576,4.83343,958.858,120
0.01,3.0,73,-8.7697,2.30881,985.191,120
0.01,3.0,74,-8.18485,5.34927,1066.53,120
0.01,3.0,75,-9.27273,5.00257,870.459,120
0.01,3.0,76,-8.53939,6.88066,995.293,120
0.01,3.0,77,-7.59394,2.87234,927.755,120
0.01,3.0,78,-8.58485,5.11527,977.192,120
0.01,3.0,79,-9.06061,5.22888,909.378,120
0.01,3.0,80,-7.41212,6.82331,1376.25,120
0.01,3.0,81,-6.55758,7.63252,915.152,120
0.01,3.0,82,-7.2697,2.96342,1076.52,120
0.01,3.0,83,-8.99394,4.41781,1131.14,120
0.01,3.0,84,-6.96667,3.78599,942.721,120
0.01,3.0,85,-7.5697,3.15148,1166.34,120
0.01,3.0,86,-8.65152,5.17257,1064.54,120
0.01,3.0,87,-4.99091,4.05332,1118.62,120
0.01,3.0,88,-6.68485,7.75634,1017.14,120
0.01,3.0,89,-7.59394,4.27059,1005.22,120
0.01,3.0,90,-7.21212,4.44168,1082.81,120
0.01,3.0,91,-6.88788,4.3802,923.259,120
0.01,3.0,92,-6.04848,5.66773,873.614,120
0.01,3.0,93,-8.9303,5.04114,870.504,120
0.01,3.0,94,-10.2879,4.25292,874.317,120
0.01,3.0,95,-8.8303,1.6645,1116.66,120
0.01,3.0,96,-9.25152,20.736,1132.26,120
0.01,3.0,97,-9.23333,6.67393,1084.9,120
0.01,3.0,98,-6.26364,4.12578,1036.93,120
0.01,3.0,99,-8.14545,7.37221,938.507,120
0.01,5.0,0,-9.75455,4.45998,882.165,120
0.01,5.0,1,-9.87879,4.87664,1105.02,120
0.01,5.0,2,-9.55758,8.6117,733.987,120
0.01,5.0,3,-9.38182,7.41297,963.851,120
0.01,5.0,4,-10.7455,5.5573,1135.06,120
0.01,5.0,5,-9.65758,4.40349,883.921,120
0.01,5.0,6,-10.1667,5.79459,875.795,120
0.01,5.0,7,-9.34848,2.50739,878.74,120
0.01,5.0,8,-7.3303,16.7828,1196.46,120
0.01,5.0,9,-10.9061,3.70446,1001.55,120
0.01,5.0,10,-9.31212,3.29943,1141.7,120
0.01,5.0,11,-9.22424,2.64115,1083.4,120
0.01,5.0,12,-6.20909,5.27,866.188,120
0.01,5.0,13,-11.0758,4.45362,1124.2,120
0.01,5.0,14,-11.3606,6.01462,1052.76,120
0.01,5.0,15,-10.1394,7.69087,1052.73,120
0.01,5.0,16,-11.7515,4.76118,1047.16,120
0.01,5.0,17,-8.72121,5.44489,991.82,120
0.01,5.0,18,-10.2273,3.09302,1001.41,120
0.01,5.0,19,-10.7636,6.10543,1039.08,120
0.01,5.0,20,-9.83333,5.92359,1052.14,120
0.01,5.0,21,-10.8303,6.35372,1076.24,120
0.01,5.0,22,-8.8697,4.23527,1184.94,120
0.01,5.0,23,-12.1242,7.49034,857.196,120
0.01,5.0,24,-9.8303,5.75873,1199.29,120
0.01,5.0,25,-10.0182,5.94735,983.258,120
0.01,5.0,26,-11.0818,7.06797,1004.99,120
0.01,5.0,27,-11.3424,3.9682,811.606,120
0.01,5.0,28,-10.4515,4.76082,1175.4,120
0.01,5.0,29,-9.96667,5.68098,1224.01,120
0.01,5.0,30,-7.85758,5.00445,836.729,120
0.01,5.0,31,-11.2515,2.90843,1083.74,120
0.01,5.0,32,-11.1121,5.66707,932.343,120
0.01,5.0,33,-10.2909,5.28075,1176.92,120
0.01,5.0,34,-7.87879,6.10906,1150.65,120
0.01,5.0,35,-9.3,3.98395,1261.02,120
0.01,5.0,36,-10.8727,3.38794,998.247,120
0.01,5.0,37,-9.79091,3.72193,998.618,120
0.01,5.0,38,-10.5061,7.21316,953.953,120
0.01,5.0,39,-9.51212,3.53475,1022.05,120
0.01,5.0,40,-10.5636,3.89256,1110.39,120
0.01,5.0,41,-10.2455,3.634,1149.23,120
0.01,5.0,42,-10.4,8.6465,864.327,120
0.01,5.0,43,-10.9333,7.28207,1141.06,120
0.01,5.0,44,-9.65455,3.15326,931.033,120
0.01,5.0,45,-9.73939,6.0072,849.021,120
0.01,5.0,46,-8.8303,3.90915,859.073,120
0.01,5.0,47,-8.96667,4.74769,1131.74,120
0.01,5.0,48,-10.2606,4.29095,980.202,120
0.01,5.0,49,-9.27879,8.0218,919.706,120
0.01,5.0,50,-11.2606,18.9041,1336.15,120
0.01,5.0,51,-10.2,2.52258,1033.84,120
0.01,5.0,52,-10.8455,4.93199,793.577,120
0.01,5.0,53,-9.85758,6.52857,1110.28,120
0.01,5.0,54,-9.4697,5.47279,801.157,120
0.01,5.0,55,-11.9273,4.25535,779.271,120
0.01,5.0,56,-10.0485,3.78256,1052.9,120
0.01,5.0,57,-9.47576,4.67849,921.287,120
0.01,5.0,58,-9.24848,5.68909,899.115,120
0.01,5.0,59,-8.59394,4.5016,919.935,120
0.01,5.0,60,-10.0515,3.33724,1402.39,120
0.01,5.0,61,-10.9636,4.72808,753.992,120
0.01,5.0,62,-10.9121,5.69774,1482.44,120
0.01,5.0,63,-11.4182,4.61501,1068.3,120
0.01,5.0,64,-8.71818,3.87791,1175.85,120
0.01,5.0,65,-9.55758,4.47514,1045.57,120
0.01,5.0,66,-10.2212,2.76572,1086.8,120
0.01,5.0,67,-10.2303,6.93559,1338.95,120
0.01,5.0,68,-10.5212,6.34431,1509.19,120
0.01,5.0,69,-9.63636,3.12298,1244.03,120
0.01,5.0,70,-11.3455,3.89826,1247.65,120
0.01,5.0,71,-11.0848,5.86086,954.555,120
0.01,5.0,72,-9.03636,10.1273,1044.03,120
0.01,5.0,73,-9.82121,4.96181,1084.21,120
0.01,5.0,74,-9.7303,5.04039,935.209,120
0.01,5.0,75,-9.83636,5.02036,1077.85,120
0.01,5.0,76,-9.9303,4.69016,932.342,120
0.01,5.0,77,-8.22424,3.93985,1043.97,120
0.01,5.0,78,-11.3182,2.90651,1082.11,120
0.01,5.0,79,-8.76667,6.3243,1224.29,120
0.01,5.0,80,-9.89394,4.07942,1087.86,120
0.01,5.0,81,-9.1,4.8494,1050.86,120
0.01,5.0,82,-10.3485,7.72823,892.848,120
0.01,5.0,83,-10.0152,3.74096,973.548,120
0.01,5.0,84,-9.19394,3.67199,867.395,120
0.01,5.0,85,-7.90909,6.62377,1055.7,120
0.01,5.0,86,-10.5788,4.42356,1027.0,120
0.01,5.0,87,-7.27273,6.11193,1064.0,120
0.01,5.0,88,-8.32121,2.35389,1057.12,120
0.01,5.0,89,-9.14848,7.42459,1080.85,120
0.01,5.0,90,-10.5758,8.12897,1147.55,120
0.01,5.0,91,-10.0303,2.89631,758.348,120
0.01,5.0,92,-11.1303,10.0461,1063.29,120
0.01,5.0,93,-10.4818,4.93207,1146.39,120
0.01,5.0,94,-10.803,7.41137,932.882,120
0.01,5.0,95,-9.57879,7.73783,1003.85,120
0.01,5.0,96,-11.2273,19.4705,1065.37,120
0.01,5.0,97,-11.2909,8.78951,951.919,120
0.01,5.0,98,-10.1424,2.47934,1127.72,120
0.01,5.0,99,-8.04848,6.97053,1057.78,120
0.01,7.0,0,-12.4455,3.31092,1004.07,120
0.01,7.0,1,-11.3182,5.79244,1028.28,120
0.01,7.0,2,-12.3273,4.79545,763.084,120
0.01,7.0,3,-11.0,5.90898,844.422,120
0.01,7.0,4,-12.5061,6.37967,915.513,120
0.01,7.0,5,-11.603,5.16604,923.342,120
0.01,7.0,6,-11.0,4.7469,1040.69,120
0.01,7.0,7,-12.8545,7.31715,871.619,120
0.01,7.0,8,-11.2909,12.8487,1157.26,120
0.01,7.0,9,-10.9303,5.71591,1059.52,120
0.01,7.0,10,-11.0909,3.69436,910.304,120
0.01,7.0,11,-11.697,6.08317,1006.37,120
0.01,7.0,12,-8.63939,4.47989,1052.03,120
0.01,7.0,13,-10.8879,9.25332,1075.76,120
0.01,7.0,14,-10.5394,6.33033,826.737,120
0.01,7.0,15,-10.1515,6.21567,988.128,120
0.01,7.0,16,-12.5576,4.07076,1071.84,120
0.01,7.0,17,-10.0939,4.42335,868.908,120
0.01,7.0,18,-11.0121,4.01176,1034.69,120
0.01,7.0,19,-9.92727,5.4182,1072.92,120
0.01,7.0,20,-12.3394,6.18693,966.621,120
0.01,7.0,21,-10.9061,4.64951,1166.46,120
0.01,7.0,22,-12.0727,5.29191,1101.69,120
0.01,7.0,23,-11.9758,3.05974,905.894,120
0.01,7.0,24,-13.4303,3.8174,927.961,120
0.01,7.0,25,-11.5758,5.04394,894.47,120
0.01,7.0,26,-12.003,6.71951,870.793,120
0.01,7.0,27,-11.6576,3.68373,1157.44,120
0.01,7.0,28,-11.3848,5.79481,1107.75,120
0.01,7.0,29,-10.2242,7.89562,1036.05,120
0.01,7.0,30,-10.9697,6.07662,870.552,120
0.01,7.0,31,-10.4576,5.69267,974.908,120
0.01,7.0,32,-11.6636,12.1356,1270.06,120
0.01,7.0,33,-12.697,7.32982,994.269,120
0.01,7.0,34,-12.5879,4.62681,1181.6,120
0.01,7.0,35,-10.2879,4.1843,931.393,120
0.01,7.0,36,-11.3818,5.61175,1228.57,120
0.01,7.0,37,-12.8879,4.15136,1221.93,120
0.01,7.0,38,-9.29394,9.03022,874.705,120
0.01,7.0,39,-10.3364,4.08922,1262.19,120
0.01,7.0,40,-11.1909,7.14896,1149.25,120
0.01,7.0,41,-10.7515,3.30984,963.901,120
0.01,7.0,42,-12.797,7.38123,897.097,120
0.01,7.0,43,-14.0727,5.91142,907.187,120
0.01,7.0,44,-10.7909,6.27575,1111.67,120
0.01,7.0,45,-11.503,6.07627,1080.43,120
0.01,7.0,46,-11.9394,3.97886,1119.04,120
0.01,7.0,47,-12.6788,3.72745,1112.01,120
0.01,7.0,48,-9.26061,4.22563,988.42,120
0.01,7.0,49,-11.9,6.81274,1079.09,120
0.01,7.0,50,-11.4848,19.0973,836.043,120
0.01,7.0,51,-9.61818,9.25545,804.289,120
0.01,7.0,52,-10.3212,4.29969,861.876,120
0.01,7.0,53,-11.4061,6.29828,890.551,120
0.01,7.0,54,-10.2182,4.08226,1135.64,120
0.01,7.0,55,-12.5576,5.73631,839.555,120
0.01,7.0,56,-12.6,4.43036,884.808,120
0.01,7.0,57,-12.3152,3.53469,1083.0,120
0.01,7.0,58,-9.71212,6.23795,809.046,120
0.01,7.0,59,-11.603,5.03708,1135.07,120
0.01,7.0,60,-11.4364,5.35469,1220.1,120
0.01,7.0,61,-10.4818,4.84676,883.164,120
0.01,7.0,62,-12.9212,8.55105,1493.05,120
0.01,7.0,63,-11.5879,4.83203,996.228,120
0.01,7.0,64,-12.1667,8.47031,1300.72,120
0.01,7.0,65,-10.3333,6.57662,1393.05,120
0.01,7.0,66,-12.0576,3.9002,1215.34,120
0.01,7.0,67,-10.903,5.05243,1350.67,120
0.01,7.0,68,-11.6758,5.1175,1045.94,120
0.01,7.0,69,-10.9091,5.17525,1471.91,120
0.01,7.0,70,-10.9424,6.16611,1088.25,120
0.01,7.0,71,-12.1879,6.69378,926.86,120
0.01,7.0,72,-11.4727,3.65314,940.802,120
0.01,7.0,73,-12.2182,3.49277,913.132,120
0.01,7.0,74,-10.803,4.95908,1063.09,120
0.01,7.0,75,-12.6909,7.14261,1152.79,120
0.01,7.0,76,-9.58182,4.6079,950.145,120
0.01,7.0,77,-9.80303,7.81697,965.23,120
0.01,7.0,78,-12.3,5.82178,955.647,120
0.01,7.0,79,-10.0091,7.21209,956.777,120
0.01,7.0,80,-11.6,5.64462,1021.44,120
0.01,7.0,81,-9.63333,7.08608,994.031,120
0.01,7.0,82,-11.2333,8.12134,1002.63,120
0.01,7.0,83,-9.03636,3.63979,1186.83,120
0.01,7.0,84,-12.8455,2.7124,831.616,120
0.01,7.0,85,-12.2758,2.85322,942.94,120
0.01,7.0,86,-10.2515,4.63994,1057.98,120
0.01,7.0,87,-11.3879,5.29525,1104.84,120
0.01,7.0,88,-9.97576,3.98613,988.248,120
0.01,7.0,89,-11.3455,3.07476,980.706,120
0.01,7.0,90,-10.7455,8.54217,1034.59,120
0.01,7.0,91,-11.7152,8.87467,954.815,120
0.01,7.0,92,-9.35758,3.73753,1035.63,120
0.01,7.0,93,-9.69091,7.16423,1127.18,120
0.01,7.0,94,-10.8606,8.18973,814.722,120
0.01,7.0,95,-12.2545,3.65809,1086.21,120
0.01,7.0,96,-12.6758,16.8547,1204.65,120
0.01,7.0,97,-11.5727,9.08345,1058.31,120
0.01,7.0,98,-12.3606,8.30022,1106.57,120
0.01,7.0,99,-11.4212,3.56126,815.617,120
0.01,10.0,0,-11.9091,5.54744,1120.83,120
0.01,10.0,1,-11.1061,4.68,946.85,120
0.01,10.0,2,-10.8909,7.33779,880.149,120
0.01,10.0,3,-13.2697,5.17435,1184.54,120
0.01,10.0,4,-11.6182,5.27269,1184.12,120
0.01,10.0,5,-11.5091,5.71381,916.486,120
0.01,10.0,6,-12.3394,4.75716,1007.85,120
0.01,10.0,7,-13.197,6.6367,893.933,120
0.01,10.0,8,-12.0697,12.3851,911.764,120
0.01,10.0,9,-13.7121,4.82054,1083.99,120
0.01,10.0,10,-10.9061,5.26981,868.765,120
0.01,10.0,11,-12.7576,8.94053,1016.69,120
0.01,10.0,12,-11.6758,7.7128,930.885,120
0.01,10.0,13,-11.097,5.15302,1119.92,120
0.01,10.0,14,-12.3788,3.06633,1021.37,120
0.01,10.0,15,-10.4182,4.21012,1268.63,120
0.01,10.0,16,-12.2576,7.4325,1054.04,120
0.01,10.0,17,-11.3909,5.33576,1057.08,120
0.01,10.0,18,-13.9758,5.79917,1022.24,120
0.01,10.0,19,-13.7394,5.07113,1037.86,120
0.01,10.0,20,-12.9394,8.22902,970.102,120
0.01,10.0,21,-12.897,4.91468,864.034,120
0.01,10.0,22,-10.0636,5.44853,1118.35,120
0.01,10.0,23,-11.6121,5.54971,1099.31,120
0.01,10.0,24,-12.0606,3.24212,1035.45,120
0.01,10.0,25,-13.0273,6.49452,1408.16,120
0.01,10.0,26,-12.0727,6.57023,1059.34,120
0.01,10.0,27,-12.2303,4.88188,911.257,120
0.01,10.0,28,-11.7152,5.99426,1205.12,120
0.01,10.0,29,-13.1182,7.99604,1055.71,120
0.01,10.0,30,-12.5182,6.56714,1147.78,120
0.01,10.0,31,-12.5273,4.20615,1237.07,120
0.01,10.0,32,-12.8,4.00104,848.691,120
0.01,10.0,33,-12.9061,6.11321,873.376,120
0.01,10.0,34,-14.2788,3.40058,1109.5,120
0.01,10.0,35,-12.4333,5.73145,875.613,120
0.01,10.0,36,-12.7515,6.04617,819.115,120
0.01,10.0,37,-13.5697,9.75621,1092.0,120
0.01,10.0,38,-12.1091,6.82185,1000.13,120
0.01,10.0,39,-13.0121,4.74752,846.73,120
0.01,10.0,40,-11.3515,5.62135,905.705,120
0.01,10.0,41,-13.8152,4.41053,824.359,120
0.01,10.0,42,-13.4667,8.00253,874.43,120
0.01,10.0,43,-13.5667,7.29335,1088.27,120
0.01,10.0,44,-12.1788,4.13282,879.41,120
0.01,10.0,45,-11.9364,2.98052,963.163,120
0.01,10.0,46,-11.6697,7.4814,1130.63,120
0.01,10.0,47,-12.2394,6.00921,1073.19,120
0.01,10.0,48,-13.1909,6.70564,850.775,120
0.01,10.0,49,-10.6879,3.75178,874.72,120
0.01,10.0,50,-13.3121,16.986,863.023,120
0.01,10.0,51,-10.597,3.69187,1164.55,120
0.01,10.0,52,-11.5545,6.36025,1083.12,120
0.01,10.0,53,-12.1394,3.6978,1187.24,120
0.01,10.0,54,-12.5212,6.78407,1141.31,120
0.01,10.0,55,-13.3394,3.87106,974.966,120
0.01,10.0,56,-13.1424,5.09537,1153.22,120
0.01,10.0,57,-13.5485,7.02973,879.336,120
0.01,10.0,58,-11.8152,7.16038,788.323,120
0.01,10.0,59,-13.3182,4.44745,866.577,120
0.01,10.0,60,-12.3303,7.42837,1006.02,120
0.01,10.0,61,-13.1515,3.15944,983.28,120
0.01,10.0,62,-13.7242,5.10735,1164.88,120
0.01,10.0,63,-11.8394,5.43038,941.932,120
0.01,10.0,64,-12.5,6.21338,1530.95,120
0.01,10.0,65,-11.4182,6.40452,1502.18,120
0.01,10.0,66,-11.1333,6.21408,1360.63,120
0.01,10.0,67,-13.4909,6.38337,964.969,120
0.01,10.0,68,-12.4091,9.88974,1317.62,120
0.01,10.0,69,-11.7636,7.76109,978.566,120
0.01,10.0,70,-11.397,3.73193,1099.65,120
0.01,10.0,71,-11.603,4.75202,1054.53,120
0.01,10.0,72,-12.5303,6.37353,1169.79,120
0.01,10.0,73,-11.7727,4.89401,1192.79,120
0.01,10.0,74,-13.4394,7.88484,931.265,120
0.01,10.0,75,-12.0667,10.0138,1109.47,120
0.01,10.0,76,-12.0727,7.27788,958.446,120
0.01,10.0,77,-11.2242,5.68192,869.638,120
0.01,10.0,78,-12.8939,8.31765,1201.39,120
0.01,10.0,79,-12.1909,4.47473,934.025,120
0.01,10.0,80,-12.2606,5.48684,994.506,120
0.01,10.0,81,-12.4424,5.0433,913.94,120
0.01,10.0,82,-12.4303,5.89927,922.008,120
0.01,10.0,83,-11.7273,5.96383,1076.86,120
0.01,10.0,84,-13.5909,8.83489,895.233,120
0.01,10.0,85,-12.6455,6.9996,897.164,120
0.01,10.0,86,-13.3727,10.0685,1058.62,120
0.01,10.0,87,-11.7758,5.57954,1110.19,120
0.01,10.0,88,-11.303,7.41571,1046.97,120
0.01,10.0,89,-11.4636,7.58802,875.968,120
0.01,10.0,90,-12.9091,3.28122,1057.86,120
0.01,10.0,91,-11.2091,4.41079,919.199,120
0.01,10.0,92,-13.9758,5.22806,887.932,120
0.01,10.0,93,-12.1667,6.84388,927.135,120
0.01,10.0,94,-12.5697,6.45505,921.328,120
0.01,10.0,95,-12.1303,6.96985,882.723,120
0.01,10.0,96,-13.297,17.4671,1252.88,120
0.01,10.0,97,-11.7576,5.63775,879.315,120
0.01,10.0,98,-13.797,5.59737,813.09,120
0.01,10.0,99,-13.7121,4.87435,1135.55,120
